#,category,english,type,flags,depictable,subject_phrase_EN,lithuanian_TARGET,lt_pron,gender,notes
1,Animal,dog,N,,yes,a single dog standing alert in side profile,šuo,šúo,M,
2,Animal,cat,N,,yes,a single domestic cat in side profile,katė,katė́,F,
3,Animal,fish,N,,yes,a single freshwater fish (a carp),žuvis,žuvís,F,
4,Animal,bird,N,,yes,a single bird in side profile,paukštis,paúkštis,M,
5,Animal,cow,N,,yes,a single dairy cow in side profile,karvė,kárvė,F,
6,Animal,pig,N,,yes,a single farm pig,kiaulė,kiaúlė,F,
7,Animal,mouse,N,,yes,a single house mouse,pelė,pelė́,F,
8,Animal,horse,N,,yes,a single working horse in side profile,arklys,arklýs,M,
9,Animal,wing,N,,yes,a bird's outstretched wing,sparnas,spárnas,M,
10,Animal,animal,N,categoryC,category-multi,"a specimen chart of three common animals — a dog, a cat, and a fish — in a row",gyvūnas,gyvū́nas,M,
11,Transportation,train,N,,yes,a passenger train with locomotive and one carriage,traukinys,traukinýs,M,
12,Transportation,plane,N,,yes,a passenger airplane,lėktuvas,lėktúvas,M,
13,Transportation,car,N,,yes,a compact 1970s sedan car,automobilis,automobílis,M,
14,Transportation,truck,N,,yes,a flatbed cargo truck,sunkvežimis,sunkvežímis,M,
15,Transportation,bicycle,N,,yes,a bicycle,dviratis,dvíratis,M,
16,Transportation,bus,N,,yes,a city bus,autobusas,autobúsas,M,
17,Transportation,boat,N,,yes,a small rowing boat,valtis,váltis,F,
18,Transportation,ship,N,,yes,a cargo ship,laivas,laívas,M,
19,Transportation,tire,N,,yes,a rubber road tire,padanga,padangá,F,stress: CHECK
20,Transportation,gasoline,N,,yes,a fuel canister and a pump nozzle,benzinas,benzínas,M,
21,Transportation,engine,N,,yes,an automobile engine block,variklis,varíklis,M,
22,Transportation,train ticket,N,,yes,a small blank paper train ticket,bilietas,bílietas,M,
23,Transportation,transportation,N,categoryC,category-multi,"a chart of transport modes — a bus, a truck, and a bicycle — in side profile",transportas,tránsportas,M,
24,Location,city,N,,yes,a compact city street panorama of mid-rise buildings,miestas,miéstas,M,
25,Location,house,N,,yes,a single modest house from the front,namas,námas,M,
26,Location,apartment,N,,yes,a large apartment block with one apartment unit indicated by an arrow,butas,bútas,M,
27,Location,street,N,,yes,a straight city street with pavement and lampposts,gatvė,gátvė,F,
28,Location,road,N,,yes,a country road running through fields,kelias,kélias,M,
29,Location,airport,N,,yes,an airport terminal building with an airplane behind it,oro uostas,óro uóstas,M,
30,Location,train station,N,,yes,a railway station building with a platform,stotis,stotís,F,
31,Location,bridge,N,,yes,a river bridge,tiltas,tíltas,M,
32,Location,hotel,N,,yes,a hotel building,viešbutis,viéšbutis,M,
33,Location,restaurant,N,,yes,a small restaurant with a glimpse of the dining room,restoranas,restoránas,M,
34,Location,farm,N,,yes,a farmstead with a barn and a field,ūkis,ū́kis,M,
35,Location,court,N,,yes,a courthouse building,teismas,teísmas,M,
36,Location,school,N,,yes,a schoolhouse building,mokykla,mokyklá,F,
37,Location,office,N,,yes,an office room with desks,biuras,biúras,M,
38,Location,room,N,,yes,a plain empty room seen from a doorway,kambarys,kambarýs,M,
39,Location,town,N,,yes,a small town main street,miestelis,miestélis,M,
40,Location,university,N,,yes,a university main building,universitetas,universitétas,M,
41,Location,club,N,,yes,a social club building with people entering,klubas,klúbas,M,
42,Location,bar,N,,yes,a small bar interior with a counter,baras,báras,M,
43,Location,park,N,,yes,"a public park with paths, benches and trees",parkas,párkas,M,
44,Location,camp,N,,yes,a campsite with tents,stovykla,stovyklá,F,
45,Location,store/shop,N,,yes,a small shop with its storefront,parduotuvė,parduotúvė,F,
46,Location,theater,N,,yes,a theatre building with a columned facade,teatras,teátras,M,
47,Location,library,N,,yes,a library building,biblioteka,biblioteká,F,
48,Location,hospital,N,,yes,a hospital building,ligoninė,ligóninė,F,
49,Location,church,N,,yes,a village church with a tower,bažnyčia,bažnýčia,F,
50,Location,market,N,,yes,an open-air market with stalls,turgus,túrgus,M,
51,Location,country,N,,yes,a rural landscape with a roadside border post flying the Lithuanian tricolor,šalis,šalís,F,šalis=nation; not 'countryside'
52,Location,building,N,,yes,a large multi-storey building,pastatas,pástatas,M,
53,Location,ground,N,,yes,a patch of bare earth ground,žemė,žémė,F,
54,Location,space,N,,yes,"outer space with stars, the Moon and a satellite",kosmosas (kosminė erdvė),kósmosas (kósminė erdvė́),M,outer space; erdvė=expanse (F)
55,Location,bank,N,,yes,a bank building with a columned entrance,bankas,bánkas,M,
56,Location,location,N,categoryC,category-multi,"a wall map with one location marked by a bold pin, small scenes of a house, a school and a park around it",vieta,vietá,F,
57,Clothing,hat,N,,yes,a warm cloth cap,kepurė,kepúrė,F,
58,Clothing,dress,N,,yes,a simple 1970s woman's dress,suknelė,suknélė,F,
59,Clothing,suit,N,,yes,a man's two-piece suit,kostiumas,kostiúmas,M,
60,Clothing,skirt,N,,yes,a plain skirt,sijonas,sijónas,M,
61,Clothing,shirt,N,,yes,a button-up shirt,marškiniai,marškiniái,M pl,
62,Clothing,T-shirt,N,,yes,a plain short-sleeved T-shirt,marškinėliai (maikė),marškinė́liai (máikė),M pl,stress: CHECK
63,Clothing,pants,N,,yes,a pair of trousers,kelnės,kélnės,F pl,
64,Clothing,shoes,N,,yes,a pair of leather shoes,batai,bátai,M pl,
65,Clothing,pocket,N,,yes,"a coat pocket in close view, a hand slipping a notebook in",kišenė,kišénė,F,
66,Clothing,coat,N,,yes,a long wool overcoat,paltas,páltas,M,
67,Clothing,stain,N,,yes,a dark stain on a shirt front,dėmė,dėmė́,F,
68,Clothing,clothing,N,categoryC,category-multi,"an outfitting chart — a coat, trousers, boots and a cap laid out flat in a grid",drabužiai,drabúžiai,M pl,
69,Color,red,N,,yes,"a group of plain red objects — an apple, a fire bucket, a ribbon",raudonas/raudona,raudónas/raudóna,M/F,carries m/f pair; supersedes row 518 (decision Q1)
70,Color,green,N,,yes,"a group of plain green objects — a leaf, a cucumber, a glass bottle",žalias/žalia,žálias/žaliá,M/F,carries m/f pair; supersedes row 519 (decision Q1)
71,Color,blue,N,,yes,"a group of plain blue objects — an enamel mug, work coveralls, a cornflower",mėlynas/mėlyna,mė́lynas/mė́lyna,M/F,carries m/f pair; supersedes row 520 (decision Q1)
72,Color,yellow,N,,yes,"a group of plain yellow objects — a lemon, amber beads, ripe wheat",geltonas/geltona,geltónas/geltóna,M/F,carries m/f pair; supersedes row 521 (decision Q1)
73,Color,brown,N,,yes,"a group of plain brown objects — a loaf of bread, a leather boot, a chestnut",rudas/ruda,rúdas/rudá,M/F,carries m/f pair; supersedes row 522 (decision Q1)
74,Color,pink,N,,yes,"a group of plain pink objects — a piglet, a rose, a scarf",rožinis/rožinė,róžinis/róžinė,M/F,carries m/f pair; supersedes row 523 (decision Q1)
75,Color,orange (color),N,,yes,"a group of plain orange objects — an orange, a carrot, a fox",oranžinis/oranžinė,oránžinis/oránžinė,M/F,carries m/f pair; supersedes row 524 (decision Q1)
76,Color,black,N,,yes,"a group of plain black objects — a lump of coal, rubber work boots, a black cat",juodas/juoda,juódas/juodá,M/F,carries m/f pair; supersedes row 525 (decision Q1)
77,Color,white,N,,yes,"a group of plain white objects — a goose, a stick of chalk, an enamel basin",baltas/balta,báltas/baltá,M/F,carries m/f pair; supersedes row 526 (decision Q1)
78,Color,gray,N,,yes,"a group of plain gray objects — a mouse, a woolen sock, an overcast cloud",pilkas/pilka,pílkas/pilká,M/F,carries m/f pair; supersedes row 527 (decision Q1)
79,Color,color,N,categoryC,category-multi,a painter's swatch chart of muted color squares with a paintbrush,spalva,spalvá,,
80,People,son,N,disambig,yes,"a father standing with his young son, an arrow indicating the boy",sūnus,sūnús,M,
81,People,daughter,N,disambig,yes,"a mother standing with her young daughter, an arrow indicating the girl",dukra,dukrá,F,
82,People,mother,N,,yes,a mother holding a small child,motina,mótina,F,
83,People,father,N,,yes,a father holding a child's hand,tėvas,tė́vas,M,
84,People,parent,N,,yes,two parents standing with a child between them,tėvai,tėvái,M pl,no single word; tėvai=parents(pl) — treat as category (tėvas/motina)
85,People,baby,N,,yes,a swaddled baby,kūdikis,kū́dikis,M,
86,People,man,N,,yes,"an adult man standing, front view",vyras,výras,M,
87,People,woman,N,,yes,"an adult woman standing, front view",moteris,móteris,F,
88,People,brother,N,disambig,yes,"two brothers — an older and a younger boy — side by side, an arrow indicating one",brolis,brólis,M,
89,People,sister,N,disambig,yes,"two sisters — an older and a younger girl — side by side, an arrow indicating one",sesuo,sesúo,F,
90,People,family,N,,yes,a family of four — parents and two children,šeima,šeimá,F,
91,People,grandfather,N,,yes,"an elderly grandfather with a walking stick, a child beside him",senelis,senélis,M,
92,People,grandmother,N,,yes,"an elderly grandmother in a headscarf, a child beside her",senelė,senélė,F,
93,People,husband,N,disambig,yes,"a married couple standing together, an arrow indicating the husband, wedding rings visible",vyras,výras,M,vyras=husband/man; sutuoktinis=spouse
94,People,wife,N,disambig,yes,"a married couple standing together, an arrow indicating the wife, wedding rings visible",žmona,žmoná,,
95,People,king,N,,yes,a king with a crown and mantle,karalius,karálius,M,
96,People,queen,N,,yes,a queen with a crown,karalienė,karaliénė,F,
97,People,president,N,,yes,"a male president and a female president at matching plain podiums, side by side",prezidentas/prezidentė,prezidéntas/prezidéntė,M/F,dual-gender; pl prezidentai; dual-form card: two figures m+f (decision Q7)
98,People,neighbor,N,,yes,two neighbours — a man and a woman — greeting each other over a garden fence,kaimynas/kaimynė,kaimýnas/kaimýnė,M/F,dual-gender; pl kaimynai; dual-form card: two figures m+f (decision Q7)
99,People,boy,N,,yes,a young boy,berniukas,berniúkas,M,
100,People,girl,N,,yes,a young girl,mergaitė,mergaítė,F,
101,People,child,N,,yes,a child playing with a ball,vaikas,vaíkas,M,
102,People,adult,N,,yes,"a man and a woman standing beside a child, an arrow indicating the two adults",suaugęs/suaugusi,suaúgęs/suaúgusi,M/F,suaugęs (adj) / suaugusysis (noun) | dual-gender; pl suaugusieji; dual-form card: two figures m+f (decision Q7)
103,People,human,N,,yes,"a standing human figure, front view",žmogus,žmogús,M,
104,People,friend,N,,yes,two friends — a man and a woman — shaking hands,draugas/draugė,draúgas/draúgė,M/F,dual-gender; pl draugai; dual-form card: two figures m+f (decision Q7)
105,People,victim,N,,yes,an injured person on a stretcher being helped by two aides,auka,auká,F,
106,People,player,N,,yes,two players — a man and a woman — with a ball on a sports field,žaidėjas/žaidėja,žaidė́jas/žaidė́ja,M/F,dual-gender; pl žaidėjai; dual-form card: two figures m+f (decision Q7)
107,People,fan (sports),N,,yes,two cheering spectators — a man and a woman — with scarves in a stadium stand,sirgalius/sirgalė,sirgálius/sirgálė,M/F,dual-gender; pl sirgaliai | sports fan; electric fan=ventiliatorius; stress: CHECK; dual-form card: two figures m+f (decision Q7)
108,People,crowd,N,,yes,a dense crowd of ordinary people,minia,miniá,F,
109,People,person,N,categoryC,category-multi,"three ordinary people of different ages standing in a row — a man, a woman, and an elderly person",asmuo,asmúo,M,
110,Job,teacher,N,,yes,"two teachers — a man and a woman — at a blackboard with pointers, the board bearing only simple diagrams",mokytojas/mokytoja,mókytojas/mókytoja,M/F,dual-gender; pl mokytojai; dual-form card: two figures m+f (decision Q7)
111,Job,student,N,,yes,two students — a man and a woman — at desks with books,studentas/studentė,studéntas/studéntė,M/F,dual-gender; pl studentai; dual-form card: two figures m+f (decision Q7)
112,Job,lawyer,N,,yes,two lawyers — a man and a woman — in suits with documents at a desk,advokatas/advokatė,advokátas/advokátė,M/F,dual-gender; pl advokatai; dual-form card: two figures m+f (decision Q7)
113,Job,doctor,N,,yes,two doctors — a man and a woman — in white coats with stethoscopes,gydytojas/gydytoja,gýdytojas/gýdytoja,M/F,dual-gender; pl gydytojai; dual-form card: two figures m+f (decision Q7)
114,Job,patient,N,,yes,two patients — a man and a woman — in neighbouring hospital beds,pacientas/pacientė,paciéntas/paciéntė,M/F,dual-gender; pl pacientai; dual-form card: two figures m+f (decision Q7)
115,Job,waiter,N,,yes,two waiters — a man and a woman — each carrying a tray,padavėjas/padavėja,padavė́jas/padavė́ja,M/F,dual-gender; pl padavėjai; dual-form card: two figures m+f (decision Q7)
116,Job,secretary,N,,yes,two secretaries — a man and a woman — at typewriters,sekretorius/sekretorė,sekretórius/sekretórė,M/F,dual-gender; pl sekretoriai; dual-form card: two figures m+f (decision Q7)
117,Job,priest,N,,yes,a priest in a cassock before a church,kunigas,kúnigas,M,
118,Job,police officer,N,,yes,two uniformed police officers — a man and a woman — directing traffic,policininkas/policininkė,policíninkas/policíninkė,M/F,dual-gender; pl policininkai; dual-form card: two figures m+f (decision Q7)
119,Job,police force,N,,yes,a group of uniformed police officers beside a patrol car,policija,polícija,F,the institution
120,Job,army,N,,yes,a column of soldiers marching,kariuomenė,kariuómenė,F,stress: CHECK
121,Job,soldier,N,,yes,a single soldier in uniform,kareivis,kareívis,M,
122,Job,artist,N,,yes,two artists — a man and a woman — painting at easels,menininkas/menininkė,meníninkas/meníninkė,M/F,dual-gender; pl menininkai; dual-form card: two figures m+f (decision Q7)
123,Job,author,N,,yes,two authors — a man and a woman — writing at a shared desk,autorius/autorė,aútorius/aútorė,M/F,dual-gender; pl autoriai; stress: CHECK; dual-form card: two figures m+f (decision Q7)
124,Job,manager,N,,yes,two managers — a man and a woman — at a desk directing workers,vadovas/vadovė,vadóvas/vadóvė,M/F,dual-gender; pl vadovai; dual-form card: two figures m+f (decision Q7)
125,Job,reporter,N,,yes,two reporters — a man and a woman — with notebooks and a microphone,žurnalistas/žurnalistė,žurnalístas/žurnalístė,M/F,dual-gender; pl žurnalistai; dual-form card: two figures m+f (decision Q7)
126,Job,actor,N,,yes,two actors — a man and a woman — performing on a stage,aktorius/aktorė,aktórius/aktórė,M/F,dual-gender; pl aktoriai; dual-form card: two figures m+f (decision Q7)
127,Job,job,N,categoryC,category-multi,"a chart of three trades at work — a doctor, a builder, and a teacher — in small panels",darbas,dárbas,M,
128,Society,religion,N,,abstract,,,,,
129,Society,heaven,N,,abstract,,,,,
130,Society,hell,N,,abstract,,,,,
131,Society,death,N,,abstract,,,,,
132,Society,medicine,N,,abstract,,,,,
133,Society,money,N,,abstract,,,,,
134,Society,dollar,N,,abstract,,,,,
135,Society,bill,N,,abstract,,,,,
136,Society,marriage,N,disambig,abstract,,,,,
137,Society,wedding,N,disambig,yes,a wedding scene — a couple exchanging rings before a small group of guests outside a registry office,vestuvės,vestúvės,F,promoted to picture deck (decision Q6); plural-only noun
138,Society,team,N,,abstract,,,,,
139,Society,relationship,N,,abstract,,,,,
140,Society,race ethnicity,N,,abstract,,,,,
141,Society,sex act,N,,abstract,,,,,
142,Society,sex gender,N,,abstract,,,,,
143,Society,murder,N,,abstract,,,,,
144,Society,prison,N,,abstract,,,,,
145,Society,technology,N,,abstract,,,,,
146,Society,energy,N,,abstract,,,,,
147,Society,war,N,,abstract,,,,,
148,Society,peace,N,,abstract,,,,,
149,Society,attack,N,,abstract,,,,,
150,Society,election,N,,abstract,,,,,
151,Society,magazine,N,,abstract,,,,,
152,Society,newspaper,N,,abstract,,,,,
153,Society,poison,N,,abstract,,,,,
154,Society,gun,N,,abstract,,,,,
155,Society,sport,N,,abstract,,,,,
156,Society,race sport,N,,abstract,,,,,
157,Society,exercise,N,,abstract,,,,,
158,Society,ball,N,,abstract,,,,,
159,Society,game,N,,abstract,,,,,
160,Society,price,N,,abstract,,,,,
161,Society,contract,N,,abstract,,,,,
162,Society,drug,N,,abstract,,,,,
163,Society,sign,N,,yes,"a triangular roadside warning sign on a post, its face blank",ženklas,žénklas,M,promoted to picture deck (decision Q6); verb 'to sign'; ženklas=a sign(noun)
164,Society,science,N,,abstract,,,,,
165,Society,God,N,,abstract,,,,,
166,Art,band,N,,yes,"a small band performing on a stage — accordion, guitar and drum",grupė,grúpė,F,
167,Art,song,N,,abstract,,daina,dainá,F,
168,Art,instrument,N,,yes,"a group of musical instruments — a violin, an accordion and a drum",instrumentas,instruméntas,M,
169,Art,music,N,,abstract,,,,,
170,Art,movie,N,,yes,a film projector casting its light beam onto a cinema screen before seated viewers,filmas,fílmas,M,
171,Art,art,N,,abstract,,,,,
172,Beverages,coffee,N,,yes,a cup of coffee with a small coffee pot,kava,kavá,F,
173,Beverages,tea,N,,yes,a glass of tea with a teapot,arbata,arbatá,F,
174,Beverages,wine,N,,yes,a glass of red wine with its bottle,vynas,výnas,M,
175,Beverages,beer,N,,yes,a mug of beer,alus,alús,M,
176,Beverages,juice,N,,yes,a glass of juice with a jug,sultys,súltys,F pl,
177,Beverages,water,N,,yes,a clear glass and a canister of water,vanduo,vandúo,M,
178,Beverages,milk,N,,yes,a glass of milk with a milk can,pienas,piénas,M,
179,Beverages,beverage,N,categoryC,category-multi,"a row of drinks — a glass of water, a cup of tea, and a mug of beer",gėrimas,gė́rimas,M,
180,Food,egg,N,,yes,"a hen's egg, whole and one cracked open",kiaušinis,kiaušínis,M,
181,Food,cheese,N,,yes,a wheel of cheese with a cut wedge,sūris,sū́ris,M,
182,Food,bread,N,,yes,"a loaf of bread, whole with a cut slice",duona,duóna,F,
183,Food,soup,N,,yes,a bowl of soup with a spoon,sriuba,sriubá,F,
184,Food,cake,N,,yes,a layered cake with a slice cut out,tortas,tórtas,M,
185,Food,chicken,N,,yes,a cooked chicken served whole on a platter,vištiena,vištiéna,F,vištiena=meat; the animal is višta | SPLIT? vištiena (meat) vs višta (the bird)
186,Food,pork,N,,yes,a raw cut of pork on a butcher's board,kiauliena,kiauliéna,F,
187,Food,beef,N,,yes,a raw cut of beef on a butcher's board,jautiena,jautiéna,F,
188,Food,apple,N,,yes,"a single apple, whole with a cutaway half",obuolys,obuolýs,M,
189,Food,banana,N,,yes,"a banana, whole and one peeled",bananas,banánas,M,
190,Food,orange (fruit),N,,yes,"an orange, whole and in segments",apelsinas,apelsínas,M,apelsinas=fruit; oranžinė=color
191,Food,lemon,N,,yes,"a lemon, whole with a cut half",citrina,citriná,F,stress: CHECK
192,Food,corn,N,,yes,ears of corn (maize) with husk,kukurūzai,kukurū́zai,M pl,kukurūzai (plural in Lith.)
193,Food,rice,N,,yes,a sack and a bowl of rice grains,ryžiai,rýžiai,M pl,
194,Food,oil,N,,yes,a bottle of cooking oil pouring into a pan,aliejus,aliéjus,M,FOOD oil only; machine oil=tepalas/alyva (separate card)
195,Food,oil (machine),N,,yes,an oil can lubricating machine gears,tepalas (alyva),tépalas (alyvá),M,machine/lubricating oil; alyva also = motor oil (F)
196,Food,seed,N,,yes,"seeds in an open palm beside a plain seed packet, one seed sprouting",sėkla,sė́kla,F,
197,Food,knife,N,,yes,a kitchen knife,peilis,peílis,M,
198,Food,spoon,N,,yes,a soup spoon,šaukštas,šaúkštas,M,
199,Food,fork,N,,yes,a table fork,šakutė,šakútė,F,
200,Food,plate,N,,yes,a dinner plate,lėkštė,lėkštė́,F,
201,Food,cup,N,,yes,a tea cup with a saucer,puodelis,puodélis,M,
202,Food,breakfast,N,,yes,"a simple breakfast — porridge, bread and tea — with low morning sun through the window",pusryčiai,púsryčiai,M pl,
203,Food,lunch,N,,yes,"a midday canteen meal — soup, a main course and bread — with the sun high through the window",pietūs,piétūs,M pl,
204,Food,dinner,N,,yes,"an evening family meal at home, a lamp lit, the window dark",vakarienė,vakariénė,F,
205,Food,sugar,N,,yes,a bowl of sugar cubes with a paper sack,cukrus,cúkrus,M,
206,Food,salt,N,,yes,a salt cellar with a small pile of salt,druska,druská,F,
207,Food,bottle,N,,yes,an empty glass bottle,butelis,bútelis,M,
208,Food,food,N,categoryC,category-multi,"a spread of basic foods on a table — bread, cheese, apples and eggs",maistas,maístas,M,
209,Home,table,N,,yes,a plain wooden table,stalas,stálas,M,
210,Home,chair,N,,yes,a plain wooden chair,kėdė,kėdė́,F,
211,Home,bed,N,,yes,"a single bed, neatly made",lova,lóva,F,
212,Home,dream,N,,abstract,,,,,
213,Home,window,N,,yes,a house window with frame and curtains,langas,lángas,M,
214,Home,door,N,,yes,a panel door with a handle,durys,dúrys,F pl,
215,Home,bedroom,N,,yes,a bedroom with a bed and a wardrobe,miegamasis,miegamásis,M,
216,Home,kitchen,N,,yes,a kitchen with a stove and a sink,virtuvė,virtúvė,F,
217,Home,bathroom,N,,yes,a bathroom with a bathtub and a sink,vonia,voniá,F,
218,Home,pencil,N,,yes,a wooden pencil,pieštukas,pieštúkas,M,
219,Home,pen,N,,yes,a fountain pen,rašiklis,rašíklis,M,
220,Home,photograph,N,,yes,a black-and-white family photograph print,nuotrauka,nuótrauka,F,
221,Home,soap,N,,yes,a bar of soap with lather,muilas,muílas,M,
222,Home,book,N,,yes,a closed book beside an open one,knyga,knygá,F,
223,Home,page,N,,yes,an open book with one blank page lifted mid-turn,puslapis,púslapis,M,
224,Home,key,N,,yes,a door key,raktas,ráktas,M,
225,Home,paint,N,,yes,an open paint tin with a brush,dažai,dažái,M pl,
226,Home,letter (mail),N,,yes,a sealed envelope letter,laiškas,laíškas,M,a posted letter
227,Misc,letter (alphabet),N,,yes,one single large letter A shown as an object on a stand,raidė,raidė́,F,single-glyph exception approved (decision Q2)
228,Home,note,N,,yes,a small folded blank paper note passed from one hand to another,raštelis,raštélis,M,raštelis=small note; užrašas=jotting | SPLIT? raštelis (a note) vs gaida (musical note)
229,Home,wall,N,,yes,a plain interior wall of a room,siena,siéna,F,
230,Home,paper,N,,yes,a stack of blank paper sheets,popierius,pópierius,M,
231,Home,floor,N,,yes,a room's wooden floorboards with an arrow pointing down at them,grindys,gríndys,F pl,
232,Home,ceiling,N,,yes,"a room's ceiling with a hanging lamp, an arrow pointing up at it",lubos,lúbos,F pl,
233,Home,roof,N,,yes,a house roof with tiles,stogas,stógas,M,
234,Home,pool,N,,yes,a swimming pool with lanes,baseinas,baseínas,M,
235,Home,lock,N,,yes,a closed padlock with its key,spyna,spyná,F,
236,Home,telephone,N,,yes,a rotary desk telephone,telefonas,telefónas,M,
237,Home,garden,N,,yes,a garden with vegetable beds and fruit trees,sodas,sódas,M,
238,Home,yard,N,,yes,a house yard with a fence,kiemas,kiémas,M,
239,Home,needle,N,,yes,a sewing needle with thread,adata,ádata,F,
240,Home,bag,N,,yes,a carried shopping bag,krepšys,krepšýs,M,
241,Home,box,N,,yes,"a cardboard box, one open and one closed",dėžė,dėžė́,F,
242,Home,gift,N,,yes,a wrapped gift with a ribbon,dovana,dovaná,F,
243,Home,card,N,,yes,a small blank pocket card (a pass) held in a hand,kortelė,kortélė,F,
244,Home,ring,N,,yes,a gold ring,žiedas,žiédas,M,
245,Home,tool,N,,yes,"a set of hand tools — a hammer, a wrench and a screwdriver",įrankis,į́rankis,M,
246,Electronics,clock,N,,yes,"a wall clock, its face marked only with plain strokes",laikrodis,laíkrodis,M,
247,Electronics,lamp,N,,yes,"a table lamp, lit",lempa,lémpa,F,
248,Electronics,fan (electric),N,,yes,an electric table fan,ventiliatorius,ventiliátorius,M,dual-gender; pl sirgaliai | electric fan; sports fan=sirgalius
249,Electronics,cell phone,N,,yes,"a chunky handheld mobile telephone with a short thick antenna and large buttons, built as if manufactured in 1981",mobilusis telefonas,mobilúsis telefónas,M,deadpan chunky anachronism (decision Q3)
250,Electronics,network,N,,abstract,,,,,
251,Electronics,computer,N,,yes,a desktop computer with monitor and keyboard,kompiuteris,kompiúteris,M,
252,Electronics,program,N,,abstract,,,,,
253,Electronics,laptop,N,,yes,"a chunky portable computer, thick-cased, with a small screen and a heavy keyboard, built as if manufactured in 1981",nešiojamasis kompiuteris,nešiójamasis kompiúteris,M,deadpan chunky anachronism (decision Q3)
254,Electronics,screen,N,,yes,a display screen (monitor) showing a plain diagram,ekranas,ekránas,M,
255,Electronics,camera,N,,yes,a 35mm photo camera,fotoaparatas,fotoaparátas,M,
256,Electronics,television,N,,yes,a 1970s television set on legs,televizorius,televízorius,M,
257,Electronics,radio,N,,yes,a tabletop radio receiver,radijas,rádijas,M,
258,Body,head,N,,yes,a human head in profile,galva,galvá,F,
259,Body,neck,N,,yes,"a human neck, indicated by an arrow on a figure",kaklas,káklas,M,
260,Body,face,N,,yes,"a human face, front view",veidas,veídas,M,
261,Body,beard,N,,yes,a bearded man's face,barzda,barzdá,F,
262,Body,hair,N,,yes,a head of hair being combed,plaukai,plaukái,M pl,
263,Body,eye,N,,yes,"a human eye, external close view",akis,akís,F,
264,Body,mouth,N,disambig,yes,"a slightly open mouth in close view, the whole mouth circled",burna,burná,F,
265,Body,lip,N,disambig,yes,"closed lips in close view, the upper and lower lip each indicated",lūpa,lū́pa,F,
266,Body,nose,N,,yes,a human nose in profile,nosis,nósis,F,
267,Body,tooth,N,,yes,a single tooth beside a smiling mouth showing teeth,dantis,dantís,M,
268,Body,ear,N,,yes,"a human ear, external side view",ausis,ausís,F,
269,Body,tear,N,,yes,a tear rolling down a cheek,ašara,ášara,F,
270,Body,tongue,N,,yes,a tongue shown out of an open mouth,liežuvis,liežúvis,M,
271,Body,back,N,,yes,"a person's back, seen from behind and indicated",nugara,núgara,F,nugara=body; 'back' direction=atgal
272,Body,toe,N,,yes,"the toes of a bare foot, one toe indicated",kojos pirštas,kójos pírštas,,literally 'foot-finger'
273,Body,finger,N,,yes,"a hand with one finger extended, pointing",pirštas,pírštas,M,
274,Body,foot,N,,yes,a bare human foot,pėda,pėdá,F,
275,Body,hand,N,,yes,"an open human hand, the palm-to-fingers area highlighted",plaštaka,plaštaká,F,hand=plaštaka; arm=ranka (Lith. 'ranka' colloquially covers both)
276,Body,leg,N,,yes,"a human leg, the whole limb indicated",koja,kója,F,
277,Body,arm,N,,yes,"a human arm, the whole limb from shoulder to hand indicated",ranka,ranká,F,arm=ranka; hand=plaštaka
278,Body,shoulder,N,,yes,"a person's shoulder, indicated by an arrow",petys,petýs,M,
279,Body,heart,N,,yes,a hand held over a chest with a simple schematic heart symbol beside it,širdis,širdís,F,
280,Body,blood,N,,yes,a first-aid scene — a finger with a drop of blood being bandaged,kraujas,kraújas,M,
281,Body,brain,N,,yes,"a standalone simplified schematic drawing of a brain, textbook-plate style",smegenys,smégenys,F pl,
282,Body,knee,N,,yes,"a bent knee, indicated on a walking figure",kelis,kélis,M,knee: dictionaries vary kẽlis/kelỹs — confirm preferred form
283,Body,sweat,N,,yes,"a worker wiping sweat from his brow, drops visible",prakaitas,prákaitas,M,
284,Body,disease,N,,abstract,,,,,
285,Body,bone,N,,yes,a single long bone shown as a clean schematic object,kaulas,kaúlas,M,
286,Body,voice,N,,abstract,,,,,
287,Body,skin,N,,yes,a forearm with a close-up of the skin surface,oda,óda,F,
288,Body,body,N,,yes,"a full human body standing, front view",kūnas,kū́nas,M,
289,Nature,sea,N,disambig,yes,a seaside scene with waves and the beach shore in view,jūra,jū́ra,F,
290,Nature,ocean,N,disambig,yes,"open ocean water to the horizon with a steamship, a small globe inset showing the oceans",vandenynas,vandenýnas,M,
291,Nature,river,N,,yes,a river winding through a valley,upė,úpė,F,
292,Nature,mountain,N,,yes,a single mountain peak,kalnas,kálnas,M,
293,Nature,rain,N,,yes,"rain falling on a street, a figure with an umbrella",lietus,lietús,M,
294,Nature,snow,N,,yes,"snow falling on a village, with snowdrifts",sniegas,sniégas,M,
295,Nature,tree,N,,yes,a single deciduous tree (an oak),medis,médis,M,
296,Nature,sun,N,,yes,the sun with rays above a field,saulė,saúlė,F,
297,Nature,moon,N,,yes,the crescent moon in a night sky,mėnulis,mėnúlis,M,
298,Nature,world,N,,abstract,,,,,
299,Nature,Earth,N,,yes,the planet Earth seen from space,Žemė,Žémė,,
300,Nature,forest,N,,yes,the edge of a pine forest,miškas,míškas,M,
301,Nature,sky,N,,yes,a wide sky with clouds above a low horizon,dangus,dangús,M,
302,Nature,plant,N,,yes,a potted plant with visible stem and leaves,augalas,aúgalas,M,
303,Nature,wind,N,,yes,"wind bending trees, with dashed wind-direction lines and a blowing scarf",vėjas,vė́jas,M,
304,Nature,soil,N,,yes,dark soil in a furrow with a spade,žemė (dirvožemis),žémė (dírvožemis),F,same word as 'ground'=žemė; disambiguate
305,Nature,flower,N,,yes,a single flower (a tulip),gėlė,gėlė́,F,
306,Nature,valley,N,,yes,a river valley between hills,slėnis,slė́nis,M,
307,Nature,root,N,,yes,a plant's roots exposed below the soil line,šaknis,šaknís,F,
308,Nature,lake,N,,yes,a calm lake with its shoreline,ežeras,éžeras,M,
309,Nature,star,N,,yes,"stars in a night sky, one bright star indicated",žvaigždė,žvaigždė́,F,
310,Nature,grass,N,,yes,a tuft of green grass,žolė,žolė́,F,
311,Nature,leaf,N,,yes,a single leaf (a birch leaf),lapas,lápas,M,
312,Nature,air,N,,abstract,,,,,
313,Nature,sand,N,,yes,"a handful of sand pouring, dunes behind",smėlis,smė́lis,M,
314,Nature,beach,N,,yes,a sandy beach with dune grass,paplūdimys,paplūdimýs,M,
315,Nature,wave,N,,yes,a breaking sea wave,banga,bangá,F,
316,Nature,fire,N,,yes,"a small contained fire with flames, a fire bucket beside it",ugnis,ugnís,F,
317,Nature,ice,N,,yes,a block of ice and icicles,ledas,lédas,M,
318,Nature,island,N,,yes,a small island in a lake,sala,salá,F,
319,Nature,hill,N,,yes,a low grassy hill,kalva,kalvá,F,
320,Nature,heat,N,,abstract,,,,,
321,Nature,nature,N,categoryC,category-multi,"a Lithuanian landscape combining forest, river and sky",gamta,gamtá,F,
322,Materials,glass,N,,yes,a pane of glass held by a glazier,stiklas,stíklas,M,SPLIT? stiklas (material) vs stiklinė (drinking glass)
323,Materials,metal,N,,yes,a metal ingot and a metal sheet,metalas,metálas,M,
324,Materials,plastic,N,,yes,a plastic sheet and a molded plastic bucket,plastikas,plástikas,M,
325,Materials,wood,N,,yes,sawn timber planks and a log,mediena,mediéna,F,mediena=timber/material; medis=tree; miškas=woods — disambiguate
326,Materials,stone,N,,yes,a granite fieldstone,akmuo,akmúo,M,
327,Materials,diamond,N,,yes,a cut diamond gem,deimantas,deímantas,M,
328,Materials,clay,N,,yes,a lump of clay being shaped on a potter's wheel,molis,mólis,M,
329,Materials,dust,N,,yes,dust swirling in a sunbeam above a shelf being wiped,dulkės,dúlkės,F pl,
330,Materials,gold,N,,yes,a gold bar and a gold ring,auksas,aúksas,M,
331,Materials,copper,N,,yes,a coil of copper wire and a copper pot,varis,váris,M,
332,Materials,silver,N,,yes,a silver spoon and a silver ingot,sidabras,sidábras,M,
333,Materials,material,N,categoryC,category-multi,"a sample board of materials — a wood block, a metal plate, a glass pane and a cloth swatch",medžiaga,medžiagá,F,
334,Math,meter,N,,abstract,,metras,métras,M,
335,Math,centimeter,N,,abstract,,centimetras,centimétras,M,
336,Math,kilogram,N,,abstract,,kilogramas,kilográmas,M,
337,Math,inch,N,,abstract,,colis,cólis,M,
338,Math,foot,N,,abstract,,pėda,pėdá,F,
339,Math,pound,N,,abstract,,svaras,sváras,M,
340,Math,half,N,,abstract,,,,,
341,Math,circle,N,,abstract,,apskritimas,apskritímas,M,
342,Math,square,N,,abstract,,kvadratas,kvadrátas,M,
343,Math,temperature,N,,abstract,,temperatūra,temperatūrá,F,
344,Math,date,N,,abstract,,,,,
345,Math,weight,N,,abstract,,,,,
346,Math,edge,N,,abstract,,kraštas,kráštas,M,
347,Math,corner,N,,abstract,,kampas,kámpas,M,
348,Misc,map,N,,yes,"a wall map with roads and rivers, bearing no lettering",žemėlapis,žemė́lapis,M,
349,Misc,dot,N,,yes,a single bold dot marked on plain paper,taškas,táškas,M,
350,Misc,consonant,N,,yes,one single large letter B shown as an object on a stand,priebalsis,priébalsis,,single-glyph exception approved (decision Q2)
351,Misc,vowel,N,,yes,one single large letter A shown as an object on a stand,balsis,bálsis,,single-glyph exception approved (decision Q2)
352,Misc,light,N,,abstract,,,,,
353,Misc,sound,N,,abstract,,,,,
354,Misc,yes,N,,abstract,,,,,
355,Misc,no,N,,abstract,,,,,
356,Misc,piece,N,,abstract,,,,,
357,Misc,pain,N,,abstract,,,,,
358,Misc,injury,N,,yes,a bandaged arm in a sling,sužalojimas,sužalójimas,M,
359,Misc,wound,N,,yes,a cut on a forearm being cleaned and bandaged,žaizda,žaizdá,F,added per request
360,Misc,hole,N,,yes,a round hole in a wooden board,skylė,skylė́,F,skylė=hole in an object; duobė=pit in ground (maybe separate card)
361,Misc,image,N,,yes,a framed picture hanging on a wall,vaizdas,vaízdas,M,vaizdas/paveikslas — fairly abstract
362,Misc,pattern,N,,abstract,,,,,
363,Verbs,work,V,,yes,a worker assembling parts at a workbench,dirbti,dírbti,,
364,Verbs,play (a game),V,,yes,two children playing with a ball,žaisti,žaísti,V,games/sport
365,Verbs,play (an instrument),V,,yes,a musician playing an accordion,groti,gróti,V,musical instrument
366,Verbs,walk,V,,yes,a worker walking forward in mid-stride,eiti,eíti,,
367,Verbs,run,V,,yes,a worker running at full stride,bėgti,bė́gti,,
368,Verbs,drive,V,,yes,a driver at the wheel of a truck,vairuoti,vairuóti,,
369,Verbs,fly,V,,yes,"a bird in level flight, wings mid-beat",skristi,skrísti,,
370,Verbs,swim,V,,yes,a swimmer mid-stroke in a pool lane,plaukti,plaúkti,,
371,Verbs,go,V,,yes,a worker setting off through a doorway into the street,eiti,eíti,,
372,Verbs,stop,V,,yes,a walking worker halted mid-step before a lowered barrier,sustoti,sustóti,,
373,Verbs,follow,V,,yes,"one worker walking close behind another, following",sekti,sékti,,
374,Verbs,think,V,,abstract,,,,,
375,Verbs,say,V,,yes,"a worker speaking to another, mouth open, simple sound lines",sakyti,sakýti,,depict via speech; kalbėti=speak
376,Verbs,eat,V,,yes,a worker eating with a spoon,valgyti,válgyti,,
377,Verbs,drink,V,,yes,a worker drinking from a glass,gerti,gérti,,
378,Verbs,kill,V,,yes,a fly being swatted with a rolled newspaper,žudyti,žudýti,,
379,Verbs,die,V,,yes,"a plain gravestone with no inscription, wilting flowers laid at its base",mirti,mírti,,"gravestone staging (decision Q5); routed as phrase-complete card, no motion insets"
380,Verbs,smile,V,,yes,"a woman smiling warmly, close portrait view",šypsotis,šypsótis,,
381,Verbs,laugh,V,,yes,two people laughing together at a canteen table,juoktis,juóktis,,
382,Verbs,cry,V,,yes,"a person crying, tears on the cheeks, a handkerchief in hand",verkti,vérkti,,
383,Verbs,buy,V,disambig,yes,a customer receiving wrapped goods across a shop counter,pirkti,pírkti,,
384,Verbs,pay,V,disambig,yes,a customer handing plain banknotes across a counter to a clerk,mokėti,mokė́ti,,
385,Verbs,sell,V,disambig,yes,a shopkeeper handing goods to a customer while receiving coins,parduoti,parduóti,,
386,Verbs,shoot,V,,yes,a marksman firing a rifle at a paper target on a range,šauti,šaúti,,
387,Verbs,learn,V,,abstract,,,,,
388,Verbs,jump,V,,yes,a worker jumping over a low obstacle,šokti,šókti,,
389,Verbs,smell,V,,yes,"a person sniffing a flower, scent lines rising to the nose",uostyti,uóstyti,,
390,Verbs,hear,V,disambig,yes,"a worker's head turning toward a distant ringing alarm bell, sound waves arriving",girdėti,girdė́ti,,hear a sound
391,Verbs,listen,V,disambig,yes,"a person seated attentively listening to a radio, ear inclined toward it",klausytis,klausýtis,,listen to music
392,Verbs,taste,V,,yes,a cook tasting soup from a ladle,ragauti,ragaúti,,
393,Verbs,touch,V,,yes,"a fingertip touching a smooth surface, the point of contact indicated",liesti,liésti,,
394,Verbs,see,V,,yes,"a worker seeing a distant water tower, a dotted sight line from eye to object",matyti,matýti,,
395,Verbs,watch,V,,yes,a person seated deliberately watching a television set,žiūrėti,žiūrė́ti,,
396,Verbs,kiss,V,,yes,a couple kissing on the cheek,bučiuoti,bučiuóti,,
397,Verbs,burn,V,,yes,a wooden plank burning with flame at a safe distance,degti,dégti,,
398,Verbs,melt,V,,yes,a block of ice melting into water,tirpti,tírpti,,
399,Verbs,dig,V,,yes,a worker digging a trench with a spade,kasti,kásti,,
400,Verbs,explode,V,,yes,"a small controlled demolition charge exploding at a distance, workers behind a barrier",sprogti,sprógti,,
401,Verbs,sit,V,,yes,a worker seated on a chair,sėdėti,sėdė́ti,,
402,Verbs,stand,V,,yes,a worker standing at ease,stovėti,stovė́ti,,
403,Verbs,love,V,,abstract,,,,,
404,Verbs,pass by,V,,yes,"a worker walking past a kiosk, a dashed path carrying on beyond it",praeiti,praeíti,,
405,Verbs,cut,V,,yes,a worker sawing a board on a sawhorse,pjauti,pjaúti,,
406,Verbs,fight,V,,yes,two boxers sparring in a ring,muštis,múštis,,muštis=brawl; kovoti=struggle/combat
407,Verbs,lie down,V,,yes,"a worker lying on a rest cot, awake with open eyes",gulėti,gulė́ti,,
408,Verbs,dance,V,,yes,"a couple dancing at a social evening, musical notes above",šokti,šókti,,
409,Verbs,sleep,V,,yes,a worker asleep on a cot,miegoti,miegóti,,
410,Verbs,wake up,V,,yes,"a worker sitting up in bed in the morning, sun through the window",pabusti,pabústi,,
411,Verbs,sing,V,,yes,"a small choir singing, mouths open, notes rising",dainuoti,dainuóti,,
412,Verbs,count,V,,yes,a clerk counting on an abacus at a stockroom desk,skaičiuoti,skaičiuóti,,
413,Verbs,marry,V,,yes,a couple exchanging rings before an official at a registry office,tuoktis,tuóktis,,"tuoktis (reflexive); vesti (man marries), tekėti (woman marries)"
414,Verbs,pray,V,,abstract,,,,,
415,Verbs,win,V,,abstract,,,,,
416,Verbs,lose,V,,abstract,,,,,
417,Verbs,mix,V,,yes,"a worker mixing mortar in a trough with a shovel, a circular motion arrow",maišyti,maišýti,,mix/stir
418,Verbs,bend,V,,yes,"a worker bending a metal rod in a vise, a curve arrow",lenkti,lénkti,,
419,Verbs,wash,V,,yes,a worker washing their hands,plauti,plaúti,,
420,Verbs,cook,V,,yes,a cook preparing food at a stove,gaminti,gamínti,,gaminti (make food); virti=to boil
421,Verbs,open,V,,yes,"a hand opening a door, an arc arrow showing the swing",atidaryti,atidarýti,,
422,Verbs,close,V,,yes,"a hand closing a door, a reverse arc arrow showing the swing",uždaryti,uždarýti,,
423,Verbs,write,V,,yes,a clerk writing with a pen on paper,rašyti,rašýti,,
424,Verbs,call,V,,yes,a worker dialing and speaking on a rotary telephone,skambinti,skambínti,,
425,Verbs,turn,V,,yes,"a worker turning a large pipe-valve wheel, a circular arrow",sukti,súkti,,sukti/pasukti — confirm sense
426,Verbs,build,V,,yes,a worker hammering a plank,statyti,statýti,,
427,Verbs,teach,V,,abstract,,mokyti,mókyti,,
428,Verbs,grow,V,,yes,"a plant growing in three stages from sprout to full height, an upward arrow",augti,aúgti,,
429,Verbs,draw,V,,yes,a hand drawing a simple picture with a pencil,piešti,piéšti,,
430,Verbs,feed,V,,yes,a worker scattering grain to chickens in a yard,maitinti,maitínti,,
431,Verbs,catch,V,,yes,a worker catching a tossed sack with both arms,gaudyti,gáudyti,,
432,Verbs,throw,V,,yes,"a worker throwing a sack onto a pile, an arc arrow",mesti,mésti,,
433,Verbs,clean,V,,yes,"a worker sweeping a corridor floor with a broom, one half already clean",valyti,valýti,,
434,Verbs,find,V,,yes,a worker finding lost keys beneath a workbench,rasti,rásti,,
435,Verbs,fall,V,,yes,"a crate tipping and falling from a warehouse shelf, a downward arrow",kristi,krísti,,
436,Verbs,push,V,,yes,a worker pushing a loaded handcart forward,stumti,stúmti,,
437,Verbs,pull,V,,yes,a worker pulling a rope-hauled cart toward himself,traukti,traúkti,,
438,Verbs,carry,V,,yes,a worker carrying a wooden crate with both arms,nešti,néšti,,
439,Verbs,break,V,,yes,a worker breaking a stick over his knee,laužyti,láužyti,,
440,Verbs,wear,V,,yes,"a worker wearing full protective work clothing, each item indicated",dėvėti,dėvė́ti,,
441,Verbs,hang,V,,yes,a worker hanging a framed picture on a wall hook,kabinti,kabínti,,
442,Verbs,shake,V,,yes,"a worker shaking an apple tree, apples falling, motion lines",purtyti,púrtyti,,stress: CHECK
443,Verbs,sign,V,,yes,"a hand signing a document with a pen, the signature a plain scribbled line",pasirašyti,pasirašýti,,verb 'to sign'; ženklas=a sign(noun)
444,Verbs,beat,V,,yes,"a person beating a hanging rug with a carpet beater, dust puffing out",mušti,múšti,,mušti — overlaps 'hit'; confirm vs FF sense
445,Verbs,lift,V,,yes,a worker lifting a crate from the ground,kelti,kélti,,
446,Adjectives,long,A,,yes,"two ropes laid side by side, one long and one short, a bold arrow marking the LONG one",ilgas/ilga,ílgas/ilgá,M/F,
447,Adjectives,short-long,A,,yes,"two ropes laid side by side, one long and one short, a bold arrow marking the SHORT one",trumpas/trumpa,trúmpas/trumpá,M/F,
448,Adjectives,tall,A,,yes,"a tall man and a short man side by side, a bold arrow marking the TALL man",aukštas/aukšta,aúkštas/aukštá,M/F,
449,Adjectives,short-tall,A,,yes,"a tall man and a short man side by side, a bold arrow marking the SHORT man",žemas/žema,žémas/žemá,M/F,
450,Adjectives,wide,A,,yes,"a wide doorway beside a narrow doorway, a bold arrow marking the WIDE one",platus/plati,platús/platí,M/F,
451,Adjectives,narrow,A,,yes,"a wide doorway beside a narrow doorway, a bold arrow marking the NARROW one",siauras/siaura,siaúras/siaurá,M/F,
452,Adjectives,big,A,,yes,"a big crate beside a small crate, a bold arrow marking the BIG one",didelis/didelė,dídelis/dídelė,M/F,
453,Adjectives,small,A,,yes,"a big crate beside a small crate, a bold arrow marking the SMALL one",mažas/maža,mážas/mažá,M/F,
454,Adjectives,slow,A,,yes,"a slow tractor and a fast motorcycle on a road with motion lines, a bold arrow marking the slow TRACTOR",lėtas/lėta,lė́tas/lėtá,M/F,stress: CHECK
455,Adjectives,fast,A,,yes,"a slow tractor and a fast motorcycle on a road with motion lines, a bold arrow marking the fast MOTORCYCLE",greitas/greita,greítas/greitá,M/F,
456,Adjectives,hot,A,,yes,"a steaming kettle beside a block of ice, a bold arrow marking the HOT kettle",karštas/karšta,kárštas/karštá,M/F,
457,Adjectives,cold,A,,yes,"a steaming kettle beside a block of ice, a bold arrow marking the COLD ice",šaltas/šalta,šáltas/šaltá,M/F,
458,Adjectives,warm,A,,yes,"a mug of warm tea with mild steam beside a cool glass of water with condensation, a bold arrow marking the WARM tea",šiltas/šilta,šíltas/šiltá,M/F,
459,Adjectives,cool,A,,yes,"a mug of warm tea with mild steam beside a cool glass of water with condensation, a bold arrow marking the COOL glass",vėsus/vėsi,vėsús/vėsí,M/F,
460,Adjectives,new,A,,yes,"a new pair of boots beside an old worn pair, a bold arrow marking the NEW pair",naujas/nauja,naújas/naujá,M/F,
461,Adjectives,old-new,A,,yes,"a new pair of boots beside an old worn pair, a bold arrow marking the OLD pair",senas/sena,sénas/sená,M/F,= senas (same word as old-young); tell apart by image: old object vs old person; antonym naujas
462,Adjectives,young,A,,yes,"a young man and an old man side by side, a bold arrow marking the YOUNG man",jaunas/jauna,jaúnas/jauná,M/F,
463,Adjectives,old-young,A,,yes,"a young man and an old man side by side, a bold arrow marking the OLD man",senas/sena,sénas/sená,M/F,= senas (same word as old-new); antonym jaunas
464,Adjectives,good,A,,abstract,,geras/gera,géras/gerá,M/F,
465,Adjectives,bad,A,,abstract,,blogas/bloga,blógas/blogá,M/F,
466,Adjectives,wet,A,,yes,"two shirts on a washing line, one dripping wet and one dry, a bold arrow marking the WET one",šlapias/šlapia,šlápias/šlapiá,M/F,
467,Adjectives,dry,A,,yes,"two shirts on a washing line, one dripping wet and one dry, a bold arrow marking the DRY one",sausas/sausa,saúsas/sausá,M/F,
468,Adjectives,sick,A,,yes,"a sick person in bed with a thermometer beside a healthy person exercising, a bold arrow marking the SICK one",sergantis/serganti,sérgantis/sérganti,M/F,
469,Adjectives,healthy,A,,yes,"a sick person in bed with a thermometer beside a healthy person exercising, a bold arrow marking the HEALTHY one",sveikas/sveika,sveíkas/sveiká,M/F,
470,Adjectives,loud,A,,yes,"a blaring loudspeaker with large sound waves beside a whispering person with tiny waves, a bold arrow marking the LOUD speaker",garsus/garsi,garsús/garsí,M/F,
471,Adjectives,quiet,A,,yes,"a blaring loudspeaker with large sound waves beside a whispering person with tiny waves, a bold arrow marking the QUIET whisperer",tylus/tyli,tylús/tylí,M/F,
472,Adjectives,happy,A,,yes,"a happy smiling face beside a sad downcast face, a bold arrow marking the HAPPY one",laimingas/laiminga,laimíngas/laimínga,M/F,
473,Adjectives,sad,A,,yes,"a happy smiling face beside a sad downcast face, a bold arrow marking the SAD one",liūdnas/liūdna,liū́dnas/liūdná,M/F,
474,Adjectives,beautiful,A,,yes,"a fresh blooming flower beside a wilted scraggly weed, a bold arrow marking the BLOOMING flower",gražus/graži,gražús/graží,M/F,
475,Adjectives,ugly,A,,yes,"a fresh blooming flower beside a wilted scraggly weed, a bold arrow marking the scraggly WEED",bjaurus/bjauri (negražus/negraži),bjaurús/bjaurí (negražús/negraží),M/F,
476,Adjectives,deaf,A,,yes,"sound waves from a ringing bell stopping short at a person's ear, marked with a small crossed circle",kurčias/kurčia,kúrčias/kurčiá,M/F,
477,Adjectives,blind,A,,yes,a person with a white cane and dark glasses at a street crossing,aklas/akla,áklas/aklá,M/F,
478,Adjectives,nice,A,,yes,a person kindly helping an elderly woman carry her bag,malonus/maloni,malonús/maloní,M/F,
479,Adjectives,mean,A,,abstract,,,,,
480,Adjectives,rich,A,,yes,"a richly dressed man with a fine coat and full purse beside a man in patched clothes, a bold arrow marking the RICH man",turtingas/turtinga,turtíngas/turtínga,M/F,
481,Adjectives,poor,A,,yes,"a richly dressed man with a fine coat and full purse beside a man in patched clothes, a bold arrow marking the POOR man",neturtingas/neturtinga (vargšas),neturtíngas/neturtínga (várgšas),M/F,colloq. biednas is nonstandard
482,Adjectives,thick,A,,yes,"a thick book beside a thin book, a bold arrow marking the THICK one",storas/stora,stóras/storá,M/F,
483,Adjectives,thin,A,,yes,"a thick book beside a thin book, a bold arrow marking the THIN one",plonas/plona,plónas/ploná,M/F,
484,Adjectives,expensive,A,,yes,"two shelf items with coin stacks beneath — a crystal vase over a tall stack, a plain cup over one coin — a bold arrow marking the EXPENSIVE vase",brangus/brangi,brangús/brangí,M/F,
485,Adjectives,cheap,A,,yes,"two shelf items with coin stacks beneath — a crystal vase over a tall stack, a plain cup over one coin — a bold arrow marking the CHEAP cup",pigus/pigi,pigús/pigí,M/F,
486,Adjectives,flat,A,,yes,"a flat straight board beside a curved bent board, a bold arrow marking the FLAT one",plokščias/plokščia,plókščias/plokščiá,M/F,
487,Adjectives,curved,A,,yes,"a flat straight board beside a curved bent board, a bold arrow marking the CURVED one",išlenktas/išlenkta,išlénktas/išlenktá,M/F,stress: CHECK
488,Adjectives,male,A,,yes,"a man and a woman standing side by side, a bold arrow marking the MAN",vyriškas/vyriška,výriškas/výriška,M/F,
489,Adjectives,female,A,,yes,"a man and a woman standing side by side, a bold arrow marking the WOMAN",moteriškas/moteriška,móteriškas/móteriška,M/F,
490,Adjectives,tight,A,,yes,"two pairs of boots on feet — one pinching tight with discomfort lines, one roomy — a bold arrow marking the TIGHT pair",ankštas/ankšta,ánkštas/ankštá,M/F,
491,Adjectives,loose,A,,yes,"two pairs of boots on feet — one pinching tight with discomfort lines, one roomy — a bold arrow marking the LOOSE pair",laisvas/laisva,laísvas/laisvá,M/F,
492,Adjectives,high,A,,yes,"two wall shelves, one high and one low, a worker reaching up, a bold arrow marking the HIGH shelf",aukštas/aukšta,aúkštas/aukštá,M/F,
493,Adjectives,low,A,,yes,"two wall shelves, one high and one low, a bold arrow marking the LOW shelf",žemas/žema,žémas/žemá,M/F,
494,Adjectives,soft,A,,yes,"a soft pillow with a hand pressing a deep dent beside a hard brick showing no dent, a bold arrow marking the SOFT pillow",minkštas/minkšta,mínkštas/minkštá,M/F,
495,Adjectives,hard,A,,yes,"a soft pillow with a hand pressing a deep dent beside a hard brick showing no dent, a bold arrow marking the HARD brick",kietas/kieta,kiétas/kietá,M/F,
496,Adjectives,deep,A,,yes,"a water cross-section showing a deep lake beside a shallow ford, depth lines, a bold arrow marking the DEEP water",gilus/gili,gilús/gilí,M/F,
497,Adjectives,shallow,A,,yes,"a water cross-section showing a deep lake beside a shallow ford, depth lines, a bold arrow marking the SHALLOW ford",seklus/sekli,seklús/seklí,M/F,
498,Adjectives,clean,A,,yes,"two plates, one sparkling clean and one dirty with stains, a bold arrow marking the CLEAN one",švarus/švari,švarús/švarí,M/F,
499,Adjectives,dirty,A,,yes,"two plates, one sparkling clean and one dirty with stains, a bold arrow marking the DIRTY one",purvinas/purvina,púrvinas/púrvina,M/F,
500,Adjectives,strong,A,,yes,"a strong man lifting a heavy barbell beside a weak man struggling with a small dumbbell, a bold arrow marking the STRONG man",stiprus/stipri,stiprús/stiprí,M/F,
501,Adjectives,weak,A,,yes,"a strong man lifting a heavy barbell beside a weak man struggling with a small dumbbell, a bold arrow marking the WEAK man",silpnas/silpna,sílpnas/silpná,M/F,
502,Adjectives,dead,A,,yes,"a dead withered potted plant beside a living green one, a bold arrow marking the DEAD plant",negyvas/negyva,negývas/negyvá,M/F,
503,Adjectives,alive,A,,yes,"a dead withered potted plant beside a living green one, a bold arrow marking the LIVING plant",gyvas/gyva,gývas/gyvá,M/F,
504,Adjectives,heavy,A,,yes,"a worker bent under a heavy sack beside one strolling with a light parcel, a bold arrow marking the HEAVY sack",sunkus/sunki,sunkús/sunkí,M/F,
505,Adjectives,light-heavy,A,,yes,"a worker bent under a heavy sack beside one strolling with a light parcel, a bold arrow marking the LIGHT parcel",lengvas/lengva,léngvas/lengvá,M/F,
506,Adjectives,dark,A,,yes,"a split scene of a dark unlit room and a bright lamp-lit room, a bold arrow marking the DARK half",tamsus/tamsi,tamsús/tamsí,M/F,
507,Adjectives,light-dark,A,,yes,"a split scene of a dark unlit room and a bright lamp-lit room, a bold arrow marking the BRIGHT half",šviesus/šviesi,šviesús/šviesí,M/F,
508,Adjectives,nuclear,A,,abstract,,,,,
509,Adjectives,famous,A,,abstract,,,,,
510,Pronouns,I,P,,abstract,,,,,
511,Pronouns,you sg,P,,abstract,,,,,
512,Pronouns,he,P,,abstract,,,,,
513,Pronouns,she,P,,abstract,,,,,
514,Pronouns,it,P,,abstract,,,,,
515,Pronouns,we,P,,abstract,,,,,
516,Pronouns,you pl,P,,abstract,,,,,
517,Pronouns,they,P,,abstract,,,,,
518,Adjectives,red,A,,superseded,"a group of plain red objects — an apple, a fire bucket, a ribbon",raudonas/raudona,raudónas/raudóna,M/F,"superseded by Color row 69 (decision Q1, files 1.6.1)"
519,Adjectives,green,A,,superseded,"a group of plain green objects — a leaf, a cucumber, a glass bottle",žalias/žalia,žálias/žaliá,M/F,"superseded by Color row 70 (decision Q1, files 1.6.1)"
520,Adjectives,blue,A,,superseded,"a group of plain blue objects — an enamel mug, work coveralls, a cornflower",mėlynas/mėlyna,mė́lynas/mė́lyna,M/F,"superseded by Color row 71 (decision Q1, files 1.6.1)"
521,Adjectives,yellow,A,,superseded,"a group of plain yellow objects — a lemon, amber beads, ripe wheat",geltonas/geltona,geltónas/geltóna,M/F,"superseded by Color row 72 (decision Q1, files 1.6.1)"
522,Adjectives,brown,A,,superseded,"a group of plain brown objects — a loaf of bread, a leather boot, a chestnut",rudas/ruda,rúdas/rudá,M/F,"superseded by Color row 73 (decision Q1, files 1.6.1)"
523,Adjectives,pink,A,,superseded,"a group of plain pink objects — a piglet, a rose, a scarf",rožinis/rožinė,róžinis/róžinė,M/F,"superseded by Color row 74 (decision Q1, files 1.6.1)"
524,Adjectives,orange,A,,superseded,"a group of plain orange objects — an orange, a carrot, a fox",oranžinis/oranžinė,oránžinis/oránžinė,M/F,"superseded by Color row 75 (decision Q1, files 1.6.1)"
525,Adjectives,black,A,,superseded,"a group of plain black objects — a lump of coal, rubber work boots, a black cat",juodas/juoda,juódas/juodá,M/F,"superseded by Color row 76 (decision Q1, files 1.6.1)"
526,Adjectives,white,A,,superseded,"a group of plain white objects — a goose, a stick of chalk, an enamel basin",baltas/balta,báltas/baltá,M/F,"superseded by Color row 77 (decision Q1, files 1.6.1)"
527,Adjectives,gray,A,,superseded,"a group of plain gray objects — a mouse, a woolen sock, an overcast cloud",pilkas/pilka,pílkas/pilká,M/F,"superseded by Color row 78 (decision Q1, files 1.6.1)"
